"fecha";"cod_producto";"precio"
2019-02-22;"A";0,466075029512956
2019-02-23;"A";0,464425978750672
2019-02-24;"A";0,464806730331969
2019-02-25;"A";0,466321055025011
2019-02-26;"A";0,466907685311505
2019-02-27;"A";0,466310068933223
2019-02-28;"A";0,466231207022476
2019-03-01;"A";0,466231207022476
2019-03-02;"A";0,468550767282811
2019-03-03;"A";0,46919054115507
2019-03-04;"A";0,469654388358345
2019-03-05;"A";0,471095952705775
2019-03-06;"A";0,47028127096475
2019-03-07;"A";0,470713960891314
2019-03-08;"A";0,470668485675307
2019-03-09;"A";0,47094936200947
2019-03-10;"A";0,471421947587584
2019-03-11;"A";0,472830787612908
2019-03-12;"A";0,473554586017947
2019-03-13;"A";0,474752250122693
2019-03-14;"A";0,474887325021725
2019-03-15;"A";0,474932349988068
2019-03-16;"A";0,476557751273081
2019-03-17;"A";0,477525788049473
2019-03-18;"A";0,478289029448647
2019-03-19;"A";0,477831957820612
2019-03-20;"A";0,477746410384558
2019-03-21;"A";0,477791435350902
2019-03-22;"A";0,477791435350902
2019-03-23;"A";0,478160640074922
2019-03-24;"A";0,477683375431677
2019-03-25;"A";0,477836460317246
2019-03-26;"A";0,47858029024667
2019-03-27;"A";0,479061532823834
2019-03-28;"A";0,479189569839777
2019-03-29;"A";0,479189569839777
2019-03-30;"A";0,480358204778396
2019-03-31;"A";0,481919229020184
2019-04-01;"A";0,482312764543324
2019-04-02;"A";0,482809926842298
2019-04-03;"A";0,483273509141401
2019-04-04;"A";0,483317659836554
2019-04-05;"A";0,482756231187336
2019-04-06;"A";0,483752354966543
2019-04-07;"A";0,485356105922272
2019-04-08;"A";0,48523804526533
2019-04-09;"A";0,485141847693007
2019-04-10;"A";0,484605301875184
2019-04-11;"A";0,486077403604509
2019-04-12;"A";0,484796708124169
2019-04-13;"A";0,484885009514475
2019-04-14;"A";0,485043952017024
2019-04-15;"A";0,484872803145815
2019-04-16;"A";0,48534984707844
2019-04-17;"A";0,485505889486308
2019-04-18;"A";0,485568306449456
2019-04-19;"A";0,485523722904351
2019-04-20;"A";0,485630723412603
2019-04-21;"A";0,484788094410115
2019-04-22;"A";0,484837842583713
2019-04-23;"A";0,484144458102018
2019-04-24;"A";0,483018833943422
2019-04-25;"A";0,482541569300177
2019-04-26;"A";0,482406494401145
2019-04-27;"A";0,482295274075629
2019-04-28;"A";0,482487669220275
2019-04-29;"A";0,483073599888061
2019-04-30;"A";0,484013712526673
2019-05-01;"A";0,483948123272816
2019-05-02;"A";0,48381656269178
2019-05-03;"A";0,483772411996627
2019-05-04;"A";0,483326489975585
2019-05-05;"A";0,483043925526607
2019-05-06;"A";0,48357373386844
2019-05-07;"A";0,483798902413719
2019-05-08;"A";0,483790072274688
2019-05-09;"A";0,483922524360146
2019-05-10;"A";0,483913694221116
2019-05-11;"A";0,483715016092928
2019-05-12;"A";0,483005911778081
2019-05-13;"A";0,483105957253297
2019-05-14;"A";0,483937343256836
2019-05-15;"A";0,483113386372744
2019-05-16;"A";0,484434212520843
2019-05-17;"A";0,48314040135255
2019-05-18;"A";0,482344916138352
2019-05-19;"A";0,483288983741485
2019-05-20;"A";0,483865303310686
2019-05-21;"A";0,484157965591921
2019-05-22;"A";0,48293787728825
2019-05-23;"A";0,482960169060803
2019-05-24;"A";0,483013669314929
2019-05-25;"A";0,482835335134509
2019-05-26;"A";0,483040419441992
2019-05-27;"A";0,483563332983524
2019-05-28;"A";0,483161052226537
2019-05-29;"A";0,481285199566236
2019-05-30;"A";0,480581208241508
2019-05-31;"A";0,480493755903033
2019-06-01;"A";0,479501171861336
2019-06-02;"A";0,477865048985196
2019-06-03;"A";0,475586873115317
2019-06-04;"A";0,47424027691316
2019-06-05;"A";0,473405828774774
2019-06-06;"A";0,47342790412235
2019-06-07;"A";0,473295452036892
2019-06-08;"A";0,472168293280162
2019-06-09;"A";0,471726658970861
2019-06-10;"A";0,471429321020044
2019-06-11;"A";0,471435067888001
2019-06-12;"A";0,472192988154789
2019-06-13;"A";0,472299471787876
2019-06-14;"A";0,472299471787876
2019-06-15;"A";0,472929253556812
2019-06-16;"A";0,471716581129951
2019-06-17;"A";0,471127568808333
2019-06-18;"A";0,470772429026181
2019-06-19;"A";0,470353657256795
2019-06-20;"A";0,470399166434876
2019-06-21;"A";0,470331794172176
2019-06-22;"A";0,470239969216777
2019-06-23;"A";0,4715867352293
2019-06-24;"A";0,470546052401441
2019-06-25;"A";0,47030118585371
2019-06-26;"A";0,468420710712662
2019-06-27;"A";0,467550809808654
2019-06-28;"A";0,467419631300941
2019-06-29;"A";0,466667541190051
2019-06-30;"A";0,46708293979781
2019-07-01;"A";0,467795676356386
2019-07-02;"A";0,468490922447266
2019-07-03;"A";0,469138069751985
2019-07-04;"A";0,469105551066902
2019-07-05;"A";0,469193852457207
2019-07-06;"A";0,469017249676596
2019-07-07;"A";0,469125895014668
2019-07-08;"A";0,468249027580939
2019-07-09;"A";0,468019443966145
2019-07-10;"A";0,46801502889663
2019-07-11;"A";0,468041519313722
2019-07-12;"A";0,467997368618569
2019-07-13;"A";0,468063594661298
2019-07-14;"A";0,467498728044701
2019-07-15;"A";0,466733303616856
2019-07-16;"A";0,466058547111432
2019-07-17;"A";0,46543883583447
2019-07-18;"A";0,466163157573968
2019-07-19;"A";0,465534333788085
2019-07-20;"A";0,464444622778625
2019-07-21;"A";0,463169533388617
2019-07-22;"A";0,463869495046768
2019-07-23;"A";0,462536447048123
2019-07-24;"A";0,461060731705142
2019-07-25;"A";0,460271602956781
2019-07-26;"A";0,459914934595939
2019-07-27;"A";0,459953111961748
2019-07-28;"A";0,459482474208419
2019-07-29;"A";0,459771924301256
2019-07-30;"A";0,460805220378195
2019-07-31;"A";0,46113635059184
2019-08-01;"A";0,461290878024875
2019-08-02;"A";0,461335028720027
2019-08-03;"A";0,461367929478434
2019-08-04;"A";0,463193226358301
2019-08-05;"A";0,464626778405769
2019-08-06;"A";0,466554061369887
2019-08-07;"A";0,467467896662985
2019-08-08;"A";0,467636804608155
2019-08-09;"A";0,467844691309903
2019-08-10;"A";0,467935641741917
2019-08-11;"A";0,468611273522597
2019-08-12;"A";0,469217609736027
2019-08-13;"A";0,470322007839061
2019-08-14;"A";0,470625175945776
2019-08-16;"A";0,471053942268131
2019-08-17;"A";0,471322462591221
2019-08-18;"A";0,47310118897822
2019-08-19;"A";0,474302130338965
2019-08-20;"A";0,475254986032612
2019-08-21;"A";0,475268988110218
2019-08-22;"A";0,475745815617867
2019-08-23;"A";0,475102319236016
2019-08-24;"A";0,476890719557841
2019-08-25;"A";0,476602126840872
2019-08-26;"A";0,476937265452011
2019-08-27;"A";0,47723901688533
2019-08-28;"A";0,47662658110589
2019-08-29;"A";0,477166766542141
2019-08-30;"A";0,477081766138389
2019-08-31;"A";0,477727769206904
2019-09-01;"A";0,47824627166979
2019-09-02;"A";0,479427777281942
2019-09-03;"A";0,479988779946705
2019-09-04;"A";0,481616537678554
2019-09-05;"A";0,481844234514831
2019-09-06;"A";0,481968647841643
2019-09-07;"A";0,482769945935021
2019-09-08;"A";0,483123642059522
2019-09-09;"A";0,483911037003352
2019-09-10;"A";0,484841594664241
2019-09-11;"A";0,48577636299328
2019-09-12;"A";0,486391120543008
2019-09-13;"A";0,486496387246728
2019-09-14;"A";0,488833308069325
2019-09-15;"A";0,488753305374497
2019-09-16;"A";0,489123844171593
2019-09-17;"A";0,490096508513971
2019-09-18;"A";0,489835447088744
2019-09-19;"A";0,490045980496185
2019-09-20;"A";0,489961767133209
2019-09-21;"A";0,490269145908073
2019-09-22;"A";0,490252303235477
2019-09-23;"A";0,490391255284389
2019-09-24;"A";0,490715476731848
2019-09-25;"A";0,490631263368871
2019-09-26;"A";0,490766004749634
2019-09-27;"A";0,490900746130396
2019-09-28;"A";0,490462836642919
2019-09-29;"A";0,49074495140889
2019-09-30;"A";0,490732319404443
2019-10-01;"A";0,492423829013188
2019-10-02;"A";0,49275399624186
2019-10-03;"A";0,492925600830566
2019-10-04;"A";0,492968501977743
2019-10-05;"A";0,494821831535775
2019-10-06;"A";0,495008553671582
2019-10-07;"A";0,496684640204422
2019-10-08;"A";0,498120929753662
2019-10-09;"A";0,4986293684895
2019-10-10;"A";0,4987494315598
2019-10-11;"A";0,499909491074937
2019-10-12;"A";0,499722559461974
2019-10-13;"A";0,50063206378212
2019-10-14;"A";0,50125786950699
2019-10-15;"A";0,502325911277436
2019-10-16;"A";0,503168662986929
2019-10-17;"A";0,503252103750245
2019-10-18;"A";0,503377264895219
2019-10-19;"A";0,503444017505872
2019-10-20;"A";0,5031478027961
2019-10-21;"A";0,503210383368587
2019-10-22;"A";0,504174124184888
2019-10-23;"A";0,503887048225384
2019-10-24;"A";0,504127090358396
2019-10-25;"A";0,504169991505573
2019-10-26;"A";0,50351360395377
2019-10-27;"A";0,504425412224412
2019-10-28;"A";0,507724164116964
2019-10-29;"A";0,508221664052904
2019-10-30;"A";0,509522170230309
2019-10-31;"A";0,509993922471132
2019-11-01;"A";0,510019422592257
2019-11-02;"A";0,512084932403429
2019-11-03;"A";0,513922921716402
2019-11-04;"A";0,51324943793483
2019-11-05;"A";0,514299192921166
2019-11-06;"A";0,51510669675681
2019-11-07;"A";0,515450948392005
2019-11-08;"A";0,515599699098571
2019-11-09;"A";0,517291207133234
2019-11-10;"A";0,519926219649543
2019-11-11;"A";0,521294726149949
2019-11-12;"A";0,523296485658307
2019-11-13;"A";0,524936993450719
2019-11-14;"A";0,525174994581224
2019-11-15;"A";0,525174994581224
2019-11-16;"A";0,526840807539707
2019-11-17;"A";0,527391516577594
2019-11-18;"A";0,528655644141833
2019-11-19;"A";0,530190954186849
2019-11-20;"A";0,530712458957575
2019-11-21;"A";0,531046222010839
2019-11-22;"A";0,531046222010839
2019-11-23;"A";0,532005790788974
2019-11-24;"A";0,532827682307638
2019-11-25;"A";0,532368758109399
2019-11-26;"A";0,532143468048446
2019-11-27;"A";0,533962476688737
2019-11-28;"A";0,534121014139037
2019-11-29;"A";0,534121014139037
2019-11-30;"A";0,536732710030831
2019-12-01;"A";0,538009353709568
2019-12-02;"A";0,538389009182656
2019-12-03;"A";0,538660191663433
2019-12-04;"A";0,5396281045179
2019-12-05;"A";0,539794986044532
2019-12-06;"A";0,539924319227672
2019-12-07;"A";0,541455457234523
2019-12-08;"A";0,542623627920948
2019-12-09;"A";0,543131493336132
2019-12-10;"A";0,541693263409974
2019-12-11;"A";0,54040410361674
2019-12-12;"A";0,54074404449575
2019-12-13;"A";0,53988677088418
2019-12-14;"A";0,539227588853983
2019-12-15;"A";0,537884192564594
2019-12-16;"A";0,53646569958822
2019-12-17;"A";0,536279116770249
2019-12-18;"A";0,535689623229414
2019-12-19;"A";0,536052667809805
2019-12-20;"A";0,535969227046489
2019-12-21;"A";0,536202861183774
2019-12-22;"A";0,535606259726064
2019-12-23;"A";0,535001041254946
2019-12-24;"A";0,535086041658698
2019-12-25;"A";0,53497554113382
2019-12-26;"A";0,534933040931944
2019-12-27;"A";0,535018041335696
2019-12-28;"A";0,534384788327745
2019-12-29;"A";0,534189287399115
2019-12-30;"A";0,533619784693977
2019-12-31;"A";0,532863281100585
2020-01-01;"A";0,531575244322033
2020-01-02;"A";0,53148944202768
2020-01-03;"A";0,531292096750667
2020-01-04;"A";0,531626525225995
2020-01-05;"A";0,531941026719877
2020-01-06;"A";0,531932526679502
2020-01-07;"A";0,533131032372404
2020-01-08;"A";0,534172287318365
2020-01-09;"A";0,535556762341223
2020-01-10;"A";0,534639789539
2020-01-11;"A";0,535226292324889
2020-01-12;"A";0,535586501583052
2020-01-13;"A";0,535689623229414
2020-01-14;"A";0,535550671180503
2020-01-15;"A";0,535538039176057
2020-01-16;"A";0,53624992825512
2020-01-17;"A";0,535394876458997
2020-01-18;"A";0,535672544444586
2020-01-19;"A";0,536021046099969
2020-01-20;"A";0,536165546786347
2020-01-21;"A";0,538123389419433
2020-01-22;"A";0,538889731022519
2020-01-23;"A";0,539184477792936
2020-01-24;"A";0,539000310251474
2020-01-25;"A";0,539853974028599
2020-01-26;"A";0,540112060945134
2020-01-27;"A";0,542231456333363
2020-01-28;"A";0,54439257210325
2020-01-29;"A";0,545539882598846
2020-01-30;"A";0,545656699667489
2020-01-31;"A";0,54571510820181
2020-02-01;"A";0,546169860361883
2020-02-02;"A";0,546516139529644
2020-02-03;"A";0,54644104284266
2020-02-04;"A";0,548009729193003
2020-02-05;"A";0,547571665185593
2020-02-06;"A";0,547688482254236
2020-02-07;"A";0,547922116391521
2020-02-08;"A";0,548414416895086
2020-02-09;"A";0,54960588146127
2020-02-10;"A";0,550026948276153
2020-02-11;"A";0,548692166472976
2020-02-12;"A";0,548315271950372
2020-02-13;"A";0,547776601938859
2020-02-14;"A";0,547734101736983
2020-02-15;"A";0,547538600808354
2020-02-16;"A";0,548380104805498
2020-02-17;"A";0,548250920229607
2020-02-18;"A";0,548184239589424
2020-02-19;"A";0,549015786396414
2020-02-20;"A";0,549059096125945
2020-02-21;"A";0,54923764661467
2020-02-22;"A";0,549476610013898
2020-02-23;"A";0,549766157260807
2020-02-24;"A";0,55025011368804
2020-02-25;"A";0,551423119259817
2020-02-26;"A";0,552039372187018
2020-02-27;"A";0,55223062309546
2020-02-28;"A";0,552222123055085
2020-02-29;"A";0,554147382200066
2020-03-01;"A";0,555589240900746
2020-03-02;"A";0,555711389629101
2020-03-03;"A";0,555970640860544
2020-03-04;"A";0,556650329274249
2020-03-05;"A";0,556738753305374
2020-03-06;"A";0,556822966668351
2020-03-07;"A";0,557058764084685
2020-03-08;"A";0,557324036178061
2020-03-09;"A";0,558065113772253
2020-03-10;"A";0,559218836845031
2020-03-11;"A";0,559820962390312
2020-03-12;"A";0,559820962390312
2020-03-13;"A";0,560206562423479
2020-03-14;"A";0,560679938692672
2020-03-15;"A";0,56152453516607
2020-03-16;"A";0,562000737899731
2020-03-17;"A";0,563210550250114
2020-03-18;"A";0,564107184226106
2020-03-19;"A";0,564070248381299
2020-03-20;"A";0,56415686784036
2020-03-21;"A";0,564832213613392
2020-03-22;"A";0,564369293734915
2020-03-23;"A";0,564122262105017
2020-03-24;"A";0,564104601826956
2020-03-25;"A";0,56485366418698
2020-03-26;"A";0,565136811758347
2020-03-27;"A";0,565274095429312
2020-03-28;"A";0,567054493037144
2020-03-29;"A";0,568174212978455
2020-03-30;"A";0,56818279320789
2020-03-31;"A";0,567213227281698
2020-04-01;"A";0,566861437874849
2020-04-02;"A";0,56676705535106
2020-04-03;"A";0,566724154203883
2020-04-04;"A";0,567461400203556
2020-04-05;"A";0,568076398362892
2020-04-06;"A";0,567972577586725
2020-04-07;"A";0,568706187203446
2020-04-08;"A";0,568560323303045
2020-04-09;"A";0,568834890644976
2020-04-10;"A";0,568899242365741
2020-04-11;"A";0,568946433627635
2020-04-12;"A";0,567435414365837
2020-04-13;"A";0,565344387308917
2020-04-14;"A";0,565152991619567
2020-04-15;"A";0,566019186210182
2020-04-16;"A";0,566469607397302
2020-04-17;"A";0,566590874639988
2020-04-18;"A";0,568125698597068
2020-04-19;"A";0,569379454552409
2020-04-20;"A";0,570772910245398
2020-04-21;"A";0,571228213334013
2020-04-22;"A";0,572592469814232
2020-04-23;"A";0,573076972115617
2020-04-24;"A";0,573136472398244
2020-04-25;"A";0,574589979302402
2020-04-26;"A";0,574458228676586
2020-04-27;"A";0,573276723064435
2020-04-28;"A";0,572813470863987
2020-04-29;"A";0,572915471348489
2020-04-30;"A";0,573395282589857
2020-05-01;"A";0,573077814100749
2020-05-02;"A";0,572927660085631
2020-05-03;"A";0,571699965574836
2020-05-04;"A";0,571444964363581
2020-05-05;"A";0,572323426869611
2020-05-06;"A";0,571721215675774
2020-05-07;"A";0,572039606339074
2020-05-08;"A";0,571602014637871
2020-05-09;"A";0,571391799016706
2020-05-10;"A";0,570436778622317
2020-05-11;"A";0,570422233090513
2020-05-12;"A";0,570675349858855
2020-05-13;"A";0,568712201382957
2020-05-14;"A";0,569104494913018
2020-05-15;"A";0,567887697466563
2020-05-16;"A";0,566769942157225
2020-05-17;"A";0,566765692137038
2020-05-18;"A";0,567806947082999
2020-05-19;"A";0,568576200736954
2020-05-20;"A";0,569047952977777
2020-05-21;"A";0,569277454067907
2020-05-22;"A";0,569090453179653
2020-05-23;"A";0,569855937947781
2020-05-24;"A";0,571576714989396
2020-05-25;"A";0,572709817593856
2020-05-26;"A";0,572640222399547
2020-05-27;"A";0,574899365031243
2020-05-28;"A";0,575924485641307
2020-05-29;"A";0,576302165319901
2020-05-30;"A";0,576634160308558
2020-05-31;"A";0,576617317635962
2020-06-01;"A";0,576844693715999
2020-06-02;"A";0,577000488437505
2020-06-03;"A";0,577097333804928
2020-06-04;"A";0,577438397924983
2020-06-05;"A";0,577564717969447
2020-06-06;"A";0,577756361315193
2020-06-07;"A";0,578828575123805
2020-06-08;"A";0,579446886631971
2020-06-09;"A";0,581160628568541
2020-06-10;"A";0,582495796671548
2020-06-11;"A";0,583342078567181
2020-06-12;"A";0,582687710427175
2020-06-13;"A";0,583547150289331
2020-06-14;"A";0,58455261148729
2020-06-15;"A";0,58476121339558
2020-06-16;"A";0,586033685036151
2020-06-17;"A";0,587573167119333
2020-06-18;"A";0,588073811699229
2020-06-19;"A";0,588111360042722
2020-06-20;"A";0,59007221798065
2020-06-21;"A";0,592697859296313
2020-06-22;"A";0,593582099607566
2020-06-23;"A";0,594519610665398
2020-06-24;"A";0,597377456808975
2020-06-25;"A";0,597813821097132
2020-06-26;"A";0,597645394371179
2020-06-27;"A";0,599609497227681
2020-06-28;"A";0,603385191767734
2020-06-29;"A";0,607340283948918
2020-06-30;"A";0,610018732451365
2020-07-01;"A";0,612909954900267
2020-07-02;"A";0,614103157815688
2020-07-03;"A";0,614382684372797
2020-07-04;"A";0,617232186440042
2020-07-05;"A";0,617495024844487
2020-07-06;"A";0,61893437801169
2020-07-07;"A";0,620832655377131
2020-07-08;"A";0,621909041223909
2020-07-09;"A";0,622580739368604
2020-07-10;"A";0,622864437963879
2020-07-11;"A";0,625939230092077
2020-07-12;"A";0,627153293198326
2020-07-13;"A";0,627495400327922
2020-07-14;"A";0,627812982111665
2020-07-15;"A";0,627570730960972
2020-07-17;"A";0,629006123701418
2020-07-18;"A";0,628382484816803
2020-07-19;"A";0,630286493860846
2020-07-20;"A";0,631527499755624
2020-07-21;"A";0,631514749695061
2020-07-22;"A";0,631331998826994
2020-07-23;"A";0,632414557367206
2020-07-24;"A";0,631093997696489
2020-07-25;"A";0,631187498140616
2020-07-26;"A";0,631777070385529
2020-07-27;"A";0,632390253853706
2020-07-28;"A";0,632050763815202
2020-07-29;"A";0,6321221906538
2020-07-30;"A";0,632293244218598
2020-07-31;"A";0,63227392922709
2020-08-01;"A";0,632850790763478
2020-08-02;"A";0,632870506134904
2020-08-03;"A";0,633229750896872
2020-08-04;"A";0,633992511464429
2020-08-05;"A";0,633413987490026
2020-08-06;"A";0,63320377186886
2020-08-07;"A";0,633095757204847
2020-08-08;"A";0,632804473413841
2020-08-09;"A";0,631284422212117
2020-08-10;"A";0,631241890600815
2020-08-11;"A";0,630449203349312
2020-08-12;"A";0,629995957758577
2020-08-13;"A";0,629953851077089
2020-08-14;"A";0,629890691054857
2020-08-15;"A";0,628859077358395
2020-08-16;"A";0,6281264211005
2020-08-17;"A";0,628880130699139
2020-08-18;"A";0,629827531032624
2020-08-19;"A";0,629608576288886
2020-08-20;"A";0,629238037491789
2020-08-21;"A";0,62898539740286
2020-08-22;"A";0,626345308473549
2020-08-23;"A";0,622823458411427
2020-08-24;"A";0,620596447833127
2020-08-25;"A";0,618518187961393
2020-08-26;"A";0,616307075606757
2020-08-27;"A";0,61583127010594
2020-08-28;"A";0,615814427433345
2020-08-29;"A";0,615688107388881
2020-08-30;"A";0,615687674516454
2020-08-31;"A";0,615887425465271
2020-09-01;"A";0,615587051353309
2020-09-02;"A";0,615107035184343
2020-09-03;"A";0,615039664493962
2020-09-04;"A";0,614997557812474
2020-09-05;"A";0,614862816431711
2020-09-06;"A";0,614680419731994
2020-09-07;"A";0,614237174702052
2020-09-08;"A";0,613726651050649
2020-09-09;"A";0,614069860228063
2020-09-10;"A";0,614417808960783
2020-09-11;"A";0,614965893587995
2020-09-12;"A";0,613233287858117
2020-09-13;"A";0,612053907256059
2020-09-14;"A";0,61144431002085
2020-09-15;"A";0,612753771966556
2020-09-16;"A";0,612958720516187
2020-09-17;"A";0,613216127399247
2020-09-18;"A";0,613388413594965
2020-09-19;"A";0,614110917026856
2020-09-20;"A";0,614297236308099
2020-09-21;"A";0,614204008815196
2020-09-22;"A";0,615834994927765
2020-09-23;"A";0,617046209815651
2020-09-24;"A";0,617444117955714
2020-09-25;"A";0,61760153216497
2020-09-26;"A";0,618347104601577
2020-09-27;"A";0,618883368941285
2020-09-28;"A";0,620535063107588
2020-09-29;"A";0,620569384025329
2020-09-30;"A";0,622745187206306
2020-10-01;"A";0,623326259410843
2020-10-02;"A";0,623894699610934
2020-10-03;"A";0,626378993818739
2020-10-04;"A";0,627389554174456
2020-10-05;"A";0,629503309585165
2020-10-06;"A";0,631229683526182
2020-10-07;"A";0,632290771899685
2020-10-08;"A";0,632429723948596
2020-10-09;"A";0,633588965858268
2020-10-10;"A";0,634783487443788
2020-10-11;"A";0,637604635103498
2020-10-12;"A";0,63977733986829
2020-10-13;"A";0,642291108753137
2020-10-14;"A";0,643857477304499
2020-10-15;"A";0,64471224293871
2020-10-16;"A";0,644682768261668
2020-10-17;"A";0,645832280666296
2020-10-18;"A";0,646190187458946
2020-10-19;"A";0,64757128661176
2020-10-20;"A";0,650577703670018
2020-10-21;"A";0,652746197766662
2020-10-22;"A";0,653091472554865
2020-10-23;"A";0,653133579236353
2020-10-24;"A";0,657407407407407
2020-10-25;"A";0,659142202684722
2020-10-26;"A";0,660780152594614
2020-10-27;"A";0,661542283529551
2020-10-28;"A";0,663946575042528
2020-10-29;"A";0,664839236690078
2020-10-30;"A";0,664990820743436
2020-10-31;"A";0,66808566183282
2020-11-01;"A";0,669580449025651
2020-11-02;"A";0,668990955484816
2020-11-03;"A";0,670123625216849
2020-11-04;"A";0,671584727064491
2020-11-05;"A";0,673211531088106
2020-11-06;"A";0,672391443859358
2020-11-07;"A";0,674296397352332
2020-11-08;"A";0,678094420022569
2020-11-09;"A";0,678859974584879
2020-11-10;"A";0,680111330065855
2020-11-11;"A";0,679614471224294
2020-11-12;"A";0,680587380848311
2020-11-13;"A";0,679479729843532
2020-11-14;"A";0,680136594074748
2020-11-15;"A";0,681252421134186
2020-11-16;"A";0,682730365654422
2020-11-17;"A";0,685762046721574
2020-11-18;"A";0,689619018745895
2020-11-19;"A";0,69124433665134
2020-11-20;"A";0,691383288700251
2020-11-21;"A";0,696116079699527
2020-11-22;"A";0,698693008606606
2020-11-23;"A";0,707543360830964
2020-11-24;"A";0,718006910532825
2020-11-25;"A";0,73205322725283
2020-11-26;"A";0,740580735351086
2020-11-27;"A";0,743473464369326
2020-11-28;"A";0,768284649352085
2020-11-29;"A";0,797129536365298
2020-11-30;"A";0,828290684380751
2020-12-01;"A";0,845249524194499
2020-12-02;"A";0,845805332390144
2020-12-03;"A";0,844487393259562
2020-12-04;"A";0,844697926667004
2020-12-05;"A";0,842498501867884
2020-12-06;"A";0,838108231014097
2020-12-07;"A";0,824461455543766
2020-12-08;"A";0,815602209758645
2020-12-09;"A";0,815370623010459
2020-12-10;"A";0,817278055681876
2020-12-11;"A";0,818600205480606
2020-12-12;"A";0,820339211426069
2020-12-13;"A";0,826916275074529
2020-12-14;"A";0,834503899078706
2020-12-15;"A";0,842845232681522
2020-12-16;"A";0,850096003233793
2020-12-17;"A";0,851704478466643
2020-12-18;"A";0,852744513499402
2020-12-19;"A";0,854580364812288
2020-12-20;"A";0,852765566840146
2020-12-21;"A";0,847582234348947
2020-12-22;"A";0,844453511154178
2020-12-23;"A";0,838672460546039
2020-12-24;"A";0,836799224796318
2020-12-25;"A";0,836461859767908
2020-12-26;"A";0,833998618900847
2020-12-27;"A";0,833527024068179
2020-12-28;"A";0,832937530527344
2020-12-29;"A";0,829505835986054
2020-12-30;"A";0,824120391423711
2020-12-31;"A";0,821964529331514
2021-01-01;"A";0,821488723830697
2021-01-02;"A";0,819307597729608
2021-01-03;"A";0,818107636011271
2021-01-04;"A";0,819846563252657
2021-01-05;"A";0,822457177504927
2021-01-06;"A";0,826444680241861
2021-01-07;"A";0,828402640931063
2021-01-08;"A";0,8289837131356
2021-01-09;"A";0,835409192730703
2021-01-10;"A";0,839607228875078
2021-01-11;"A";0,843594731612012
2021-01-12;"A";0,846064268805277
2021-01-13;"A";0,847224524316491
2021-01-14;"A";0,847836527223504
2021-01-15;"A";0,848465530211269
2021-01-16;"A";0,848672797399491
2021-01-17;"A";0,846883263436242
2021-01-18;"A";0,849102285550671
2021-01-19;"A";0,85318242298688
2021-01-20;"A";0,859637377259023
2021-01-21;"A";0,862913277078807
2021-01-22;"A";0,863069071800313
2021-01-23;"A";0,864563858993145
2021-01-24;"A";0,869355599346504
2021-01-25;"A";0,8718735788995
2021-01-26;"A";0,872526232462567
2021-01-27;"A";0,872370437741061
2021-01-28;"A";0,871832141202671
2021-01-29;"A";0,871381639062786
2021-01-30;"A";0,869545630341744
2021-01-31;"A";0,864109106833072
2021-02-01;"A";0,861313461521961
2021-02-02;"A";0,858895079751629
2021-02-03;"A";0,857930325169045
2021-02-04;"A";0,859713248732271
2021-02-05;"A";0,859987816074202
2021-02-06;"A";0,859655833365209
2021-02-07;"A";0,859597415634894
2021-02-08;"A";0,857194703886382
2021-02-09;"A";0,853445391129759
2021-02-10;"A";0,847988365208886
2021-02-11;"A";0,846425520521223
2021-02-12;"A";0,845830517694959
2021-02-13;"A";0,843799008045288
2021-02-14;"A";0,84188649896087
2021-02-15;"A";0,841647575656173
2021-02-16;"A";0,842810196744661
2021-02-17;"A";0,845809267594021
2021-02-18;"A";0,848435780069955
2021-02-19;"A";0,849115783299971
2021-02-20;"A";0,853265206311617
2021-02-21;"A";0,858971580115006
2021-02-22;"A";0,867795824860357
2021-02-23;"A";0,873940151215718
2021-02-24;"A";0,885149338893322
2021-02-25;"A";0,887603284511828
2021-02-26;"A";0,888050218238537
2021-02-27;"A";0,892648740081515
2021-02-28;"A";0,902326036048671
2021-03-01;"A";0,908866817117381
2021-03-02;"A";0,913227337829855
2021-03-03;"A";0,923822638157531
2021-03-04;"A";0,926245149664461
2021-03-05;"A";0,926925152894476
2021-03-06;"A";0,933011181803114
2021-03-07;"A";0,937040200940955
2021-03-08;"A";0,943504481646288
2021-03-09;"A";0,952523024484366
2021-03-10;"A";0,957584798527793
2021-03-11;"A";0,958808804341821
2021-03-12;"A";0,959458415918042
2021-03-13;"A";0,962625322470282
2021-03-14;"A";0,963139574912981
2021-03-15;"A";0,963934328688061
2021-03-16;"A";0,963122574832231
2021-03-17;"A";0,962553072127093
2021-03-18;"A";0,9628930737421
2021-03-19;"A";0,962782573217223
2021-03-20;"A";0,963186325135044
2021-03-21;"A";0,960603876547659
2021-03-22;"A";0,955816108522742
2021-03-23;"A";0,953088277169317
2021-03-24;"A";0,947116998805744
2021-03-25;"A";0,945824992668715
2021-03-26;"A";0,944966488590821
2021-03-27;"A";0,94337698104066
2021-03-28;"A";0,941672722945434
2021-03-29;"A";0,935531443774358
2021-03-30;"A";0,923627137228902
2021-03-31;"A";0,919096615708925
2021-04-01;"A";0,916644354060682
2021-04-02;"A";0,915373598024591
2021-04-03;"A";0,909814571619215
2021-04-04;"A";0,90759606108129
2021-04-05;"A";0,902547037098426
2021-04-06;"A";0,90117853059802
2021-04-07;"A";0,899283021594353
2021-04-08;"A";0,898858019575593
2021-04-09;"A";0,898526518000961
2021-04-10;"A";0,89594675574709
2021-04-11;"A";0,894943750982817
2021-04-12;"A";0,890638480532783
2021-04-13;"A";0,886830462444697
2021-04-14;"A";0,880718933414934
2021-04-15;"A";0,879907179559103
2021-04-16;"A";0,879184676127212
2021-04-17;"A";0,87588241044145
2021-04-18;"A";0,872244393160868
2021-04-19;"A";0,869580512582907
2021-04-20;"A";0,86878255124542
2021-04-21;"A";0,868443632182725
2021-04-22;"A";0,868156194496641
2021-04-23;"A";0,867685131405364
2021-04-24;"A";0,866804808360576
2021-04-25;"A";0,860429697890122
2021-04-26;"A";0,856161033746042
2021-04-27;"A";0,851639252833621
2021-04-28;"A";0,851639252833621
2021-04-29;"A";0,851639252833621
2021-04-30;"A";0,851639252833621
2021-05-01;"A";0,839249401528997
2021-05-02;"A";0,833204629891803
2021-05-03;"A";0,8305030425085
2021-05-04;"A";0,829076938115456
2021-05-05;"A";0,829391439609338
2021-05-06;"A";0,83078544623087
2021-05-07;"A";0,830934196937436
2021-05-08;"A";0,830615445423366
2021-05-09;"A";0,829731441224346
2021-05-10;"A";0,830288193868921
2021-05-11;"A";0,833547959352807
2021-05-12;"A";0,838142231175598
2021-05-13;"A";0,84235258450811
2021-05-14;"A";0,840819743893784
2021-05-15;"A";0,846421270501035
2021-05-16;"A";0,851529794766525
2021-05-17;"A";0,857722074179852
2021-05-18;"A";0,866336865100109
2021-05-19;"A";0,872121142575427
2021-05-20;"A";0,875325657796875
2021-05-21;"A";0,876188411894957
2021-05-22;"A";0,882559192156163
2021-05-23;"A";0,886613711415129
2021-05-24;"A";0,888207468985478
2021-05-25;"A";0,88710671375689
2021-05-26;"A";0,885070954087032
2021-05-27;"A";0,885147454450409
2021-05-28;"A";0,884216700029325
2021-05-29;"A";0,883222195305428
2021-05-30;"A";0,883188195143927
2021-05-31;"A";0,881951439269337
2021-06-01;"A";0,880570182708368
2021-06-02;"A";0,876838664983659
2021-06-03;"A";0,875861240529572
2021-06-04;"A";0,875462259860829
2021-06-05;"A";0,871459582829245
2021-06-06;"A";0,868712626384975
2021-06-07;"A";0,86446260619738
2021-06-08;"A";0,860913839340737
2021-06-09;"A";0,854071306838708
2021-06-10;"A";0,851355543938834
2021-06-11;"A";0,850505539901315
2021-06-12;"A";0,84264725257445
2021-06-13;"A";0,839174986081184
2021-06-14;"A";0,839068735576494
2021-06-15;"A";0,836977725644197
2021-06-16;"A";0,83566446940623
2021-06-17;"A";0,834244962663573
2021-06-18;"A";0,833726460200686
2021-06-19;"A";0,830517694959051
2021-06-20;"A";0,828112183532872
2021-06-21;"A";0,827279981466704
2021-06-22;"A";0,828764361159018
2021-06-23;"A";0,82953229169348
2021-06-24;"A";0,829416939730464
2021-06-25;"A";0,829438189831402
2021-06-26;"A";0,829059938034706
2021-06-27;"A";0,831146697946815
2021-06-28;"A";0,83700747578551
2021-06-29;"A";0,845711517129706
2021-06-30;"A";0,857934575189232
2021-07-01;"A";0,86790937256952
2021-07-02;"A";0,871891641485297
2021-07-03;"A";0,88795671779441
2021-07-04;"A";0,893800495552354
2021-07-05;"A";0,893770745411041
2021-07-06;"A";0,898734768990153
2021-07-07;"A";0,90326529051013
2021-07-08;"A";0,904417045980969
2021-07-09;"A";0,905118299311922
2021-07-10;"A";0,90646555571139
2021-07-11;"A";0,90924081889389
2021-07-12;"A";0,911119327816807
2021-07-13;"A";0,912653585104529
2021-07-14;"A";0,913563089424675
2021-07-15;"A";0,913495089101673
2021-07-16;"A";0,91367783996974
2021-07-17;"A";0,915246097418963
2021-07-18;"A";0,91588785046729
2021-07-19;"A";0,916108851517045
2021-07-20;"A";0,916266102263986
2021-07-21;"A";0,916274602304361
2021-07-22;"A";0,916247645033457
2021-07-23;"A";0,916347257411377
2021-07-24;"A";0,916676411355811
2021-07-25;"A";0,916200004330973
2021-07-26;"A";0,914679832824444
2021-07-27;"A";0,913848748548546
2021-07-28;"A";0,913888817386977
2021-07-29;"A";0,913991780140201
2021-07-30;"A";0,914266347482132
2021-07-31;"A";0,914918444919217
2021-08-01;"A";0,913760113945447
2021-08-02;"A";0,910361353062581
2021-08-03;"A";0,905255635678555
2021-08-04;"A";0,900354026681627
2021-08-05;"A";0,896733009481795
2021-08-06;"A";0,894816250377189
2021-08-07;"A";0,888637202158786
2021-08-08;"A";0,885576706489356
2021-08-09;"A";0,881216185776883
2021-08-10;"A";0,876116161551768
2021-08-11;"A";0,87070163583277
2021-08-12;"A";0,867777621943704
2021-08-13;"A";0,866655616614179
2021-08-14;"A";0,859902334536089
2021-08-15;"A";0,854976561138665
2021-08-16;"A";0,85229904842048
2021-08-17;"A";0,847573025971873
2021-08-18;"A";0,842396501383382
2021-08-19;"A";0,840815493873596
2021-08-20;"A";0,839982489916827
2021-08-21;"A";0,834644464561207
2021-08-22;"A";0,826497175861585
2021-08-23;"A";0,821358193118084
2021-08-24;"A";0,818953901605107
2021-08-25;"A";0,817635962474526
2021-08-26;"A";0,815539049736412
2021-08-27;"A";0,814591649402927
2021-08-28;"A";0,809046199450929
2021-08-29;"A";0,805660822259276
2021-08-30;"A";0,797475283377966
2021-08-31;"A";0,793576204672157
2021-09-01;"A";0,785946473986492
2021-09-02;"A";0,782897950246745
2021-09-03;"A";0,782055816616981
2021-09-04;"A";0,775579809004093
2021-09-05;"A";0,771217556801913
2021-09-06;"A";0,769820350821424
2021-09-07;"A";0,76866843419393
2021-09-08;"A";0,767265566681253
2021-09-09;"A";0,766411917155636
2021-09-10;"A";0,765111929092984
2021-09-11;"A";0,762383575025685
2021-09-12;"A";0,760779310460984
2021-09-13;"A";0,75900661917033
2021-09-14;"A";0,758324490930221
2021-09-15;"A";0,759402421976319
2021-09-16;"A";0,760657201084668
2021-09-17;"A";0,76061509440318
2021-09-18;"A";0,760968790527681
2021-09-19;"A";0,762674111127954
2021-09-20;"A";0,764981557273508
2021-09-21;"A";0,76837114513331
2021-09-22;"A";0,770615431256632
2021-09-23;"A";0,774977683458811
2021-09-24;"A";0,776030350496017
2021-09-25;"A";0,778293446893873
2021-09-26;"A";0,780745708542116
2021-09-27;"A";0,78105788826571
2021-09-28;"A";0,779142034257996
2021-09-29;"A";0,779285196975056
2021-09-30;"A";0,779074663567615
2021-10-01;"A";0,778144696187307
2021-10-02;"A";0,77805119574318
2021-10-03;"A";0,77737969255354
2021-10-04;"A";0,777532693280293
2021-10-05;"A";0,778378447297625
2021-10-06;"A";0,779908454565159
2021-10-07;"A";0,780554457633674
2021-10-08;"A";0,78101109423666
2021-10-09;"A";0,781115460298436
2021-10-10;"A";0,7817104631247
2021-10-11;"A";0,782199215446273
2021-10-12;"A";0,782624217465033
2021-10-13;"A";0,782271465789462
2021-10-14;"A";0,783410471199738
2021-10-15;"A";0,784222225055569
2021-10-16;"A";0,787018738339007
2021-10-17;"A";0,788909997322487
2021-10-18;"A";0,789598500592878
2021-10-19;"A";0,789169248553931
2021-10-20;"A";0,789084248150179
2021-10-21;"A";0,788701746333295
2021-10-22;"A";0,788076993365719
2021-10-23;"A";0,786789237248877
2021-10-24;"A";0,785211116545256
2021-10-25;"A";0,78274001046788
2021-10-26;"A";0,778612198407942
2021-10-27;"A";0,772980921659378
2021-10-28;"A";0,769614905670802
2021-10-29;"A";0,767889397474638
2021-10-30;"A";0,758977144493288
2021-10-31;"A";0,755427551243832
2021-11-01;"A";0,754286460175501
2021-11-02;"A";0,751869536658077
2021-11-03;"A";0,750341064120055
2021-11-04;"A";0,750492648173412
2021-11-05;"A";0,750458962828222
2021-11-06;"A";0,749132602361343
2021-11-07;"A";0,74846310612568
2021-11-08;"A";0,747768345881124
2021-11-09;"A";0,746193555993465
2021-11-10;"A";0,744290333990198
2021-11-11;"A";0,742770282788473
2021-11-12;"A";0,742391322655079
2021-11-13;"A";0,738475401276675
2021-11-14;"A";0,736193219140013
2021-11-15;"A";0,734925808027218
2021-11-16;"A";0,733843666312971
2021-11-17;"A";0,73241624981052
2021-11-18;"A";0,732264665757162
2021-11-19;"A";0,732188873730484
2021-11-20;"A";0,732184663062335
2021-11-21;"A";0,731888139312698
2021-11-22;"A";0,731692053518906
2021-11-23;"A";0,731671193328077
2021-11-24;"A";0,732271966823953
2021-11-25;"A";0,733698803876658
2021-11-26;"A";0,734082631387912
2021-11-27;"A";0,73549003755916
2021-11-28;"A";0,736447748126804
2021-11-29;"A";0,734097486963063
2021-11-30;"A";0,731944654977852
2021-12-01;"A";0,730289862395365
2021-12-02;"A";0,730045643642733
2021-12-03;"A";0,730016168965692
2021-12-04;"A";0,72913307701848
2021-12-05;"A";0,72695026665013
2021-12-06;"A";0,724763322171235
2021-12-07;"A";0,719988424490471
2021-12-08;"A";0,716929182686345
2021-12-09;"A";0,716333870767704
2021-12-10;"A";0,716123031129853
2021-12-11;"A";0,714812518086734
2021-12-12;"A";0,712290710653603
2021-12-13;"A";0,709429906155691
2021-12-14;"A";0,708284757534417
2021-12-15;"A";0,706935179043018
2021-12-16;"A";0,706759953440054
2021-12-17;"A";0,706739093249225
2021-12-18;"A";0,705291661499028
2021-12-19;"A";0,704741824796395
2021-12-20;"A";0,704518582826905
2021-12-21;"A";0,701450996244084
2021-12-22;"A";0,700012402331638
2021-12-23;"A";0,700219107858944
2021-12-24;"A";0,699946256562901
2021-12-25;"A";0,699561784282112
2021-12-26;"A";0,702222335556094
2021-12-27;"A";0,70047955682335
2021-12-28;"A";0,700603580139733
2021-12-29;"A";0,700376204059697
2021-12-30;"A";0,700438215717888
2021-12-31;"A";0,700520897928811
2022-01-01;"A";0,700359667617512
2022-01-02;"A";0,701499013312974
2022-01-03;"A";0,701261207137523
2022-01-04;"A";0,701015056885741
2022-01-05;"A";0,699567359642206
2022-01-06;"A";0,698541038253418
2022-01-07;"A";0,698207275200154
2022-01-08;"A";0,695274711645789
2022-01-09;"A";0,692595808011906
2022-01-10;"A";0,691099259994212
2022-01-11;"A";0,689507627433958
2022-01-12;"A";0,685923353590475
2022-01-13;"A";0,684889825953946
2022-01-14;"A";0,684972508164868
2022-01-15;"A";0,682587126379759
2022-01-16;"A";0,680513661338974
2022-01-17;"A";0,677814352645698
2022-01-18;"A";0,674364077082577
2022-01-19;"A";0,669520340772077
2022-01-20;"A";0,668644212757258
2022-01-21;"A";0,668681761100751
2022-01-22;"A";0,668331309894823
2022-01-23;"A";0,665719955351606
2022-01-24;"A";0,662354789367068
2022-01-25;"A";0,658051180288561
2022-01-26;"A";0,654673611972384
2022-01-27;"A";0,65408243416429
2022-01-28;"A";0,653883996858076
2022-01-29;"A";0,650861962048865
2022-01-30;"A";0,648753565670346
2022-01-31;"A";0,648745297449254
2022-02-01;"A";0,649778825085783
2022-02-02;"A";0,649220720162057
2022-02-03;"A";0,647856463681839
2022-02-04;"A";0,647637355822895
2022-02-05;"A";0,647116457894084
2022-02-06;"A";0,646703464043289
2022-02-07;"A";0,646884947703502
2022-02-08;"A";0,648670270998602
2022-02-09;"A";0,650190322200327
2022-02-10;"A";0,650998770484901
2022-02-11;"A";0,651116669193068
2022-02-12;"A";0,651563888506452
2022-02-13;"A";0,651230125453188
2022-02-14;"A";0,651803008101326
2022-02-15;"A";0,652662850148538
2022-02-16;"A";0,653423603762118
2022-02-17;"A";0,653763605377126
2022-02-18;"A";0,653678604973374
2022-02-19;"A";0,653338603358366
2022-02-20;"A";0,653222003267479
2022-02-21;"A";0,65289357115187
2022-02-22;"A";0,652392501642161
2022-02-23;"A";0,652101965539892
2022-02-24;"A";0,652763040439257
2022-02-25;"A";0,65289357115187
2022-02-26;"A";0,653499907365301
2022-02-27;"A";0,65432519832247
2022-02-28;"A";0,655235282092361
2022-03-01;"A";0,655639969794444
2022-03-02;"A";0,655480613532914
2022-03-03;"A";0,655609692717469
2022-03-04;"A";0,655544728123173
2022-03-05;"A";0,655143497252713
2022-03-06;"A";0,652643763694241
2022-03-07;"A";0,652486667493489
2022-03-08;"A";0,652046597221337
2022-03-09;"A";0,653115886704132
2022-03-10;"A";0,654797218084951
2022-03-11;"A";0,655135153176381
2022-03-12;"A";0,657855322060486
2022-03-13;"A";0,660102235022653
2022-03-14;"A";0,660670675222744
2022-03-15;"A";0,661403331480639
2022-03-16;"A";0,661639360676871
2022-03-17;"A";0,661722801440188
2022-03-18;"A";0,661664392905866
2022-03-19;"A";0,660087362479192
2022-03-20;"A";0,659436524525326
2022-03-21;"A";0,658910847716435
2022-03-22;"A";0,65850639179425
2022-03-23;"A";0,657794788877099
2022-03-24;"A";0,659061041090404
2022-03-25;"A";0,658643837273823
2022-03-26;"A";0,658748138227969
2022-03-27;"A";0,658960684608706
2022-03-28;"A";0,658195874157675
2022-03-29;"A";0,658727278037139
2022-03-30;"A";0,660253819076011
2022-03-31;"A";0,66086436595759
2022-04-01;"A";0,660952233862734
2022-04-02;"A";0,661154902059859
2022-04-03;"A";0,662123355734088
2022-04-04;"A";0,662527579876375
2022-04-05;"A";0,664228689808499
2022-04-06;"A";0,666035066444343
2022-04-07;"A";0,665715055665033
2022-04-08;"A";0,665664527647247
2022-04-09;"A";0,665544661337141
2022-04-10;"A";0,665519161216016
2022-04-11;"A";0,665672161942769
2022-04-12;"A";0,668068819160224
2022-04-13;"A";0,670233102588719
2022-04-14;"A";0,672841283152058
2022-04-15;"A";0,673800851930193
2022-04-16;"A";0,678398437988911
2022-04-17;"A";0,680459424842818
2022-04-18;"A";0,682532927811224
2022-04-19;"A";0,682532927811224
2022-04-20;"A";0,690359671410274
2022-04-21;"A";0,694047753148846
2022-04-22;"A";0,695257644216929
2022-04-23;"A";0,70054778861117
2022-04-24;"A";0,702204087762995
2022-04-25;"A";0,707218877638293
2022-04-26;"A";0,712100162292285
2022-04-27;"A";0,715667254924048
2022-04-28;"A";0,717085747900422
2022-04-29;"A";0,717519639869666
2022-04-30;"A";0,720281529135429
2022-05-01;"A";0,721574860966828
2022-05-02;"A";0,723193611775161
2022-05-03;"A";0,728158337192469
2022-05-04;"A";0,731253989511496
2022-05-05;"A";0,732680826564202
2022-05-06;"A";0,733181471144098
2022-05-07;"A";0,73643148887526
2022-05-08;"A";0,736773596004856
2022-05-09;"A";0,736852864730007
2022-05-10;"A";0,738054411721758
2022-05-11;"A";0,741414447644552
2022-05-12;"A";0,74213868256615
2022-05-13;"A";0,742593277318067
2022-05-14;"A";0,744087178909513
2022-05-15;"A";0,745438919275234
2022-05-16;"A";0,746431864358695
2022-05-17;"A";0,746740595182965
2022-05-18;"A";0,747904593831225
2022-05-19;"A";0,748880850762023
2022-05-20;"A";0,749164549357298
2022-05-21;"A";0,750741579783972
2022-05-22;"A";0,752468803584615
2022-05-23;"A";0,753115469500315
2022-05-24;"A";0,751388245699672
2022-05-25;"A";0,750946009654096
2022-05-26;"A";0,751263084554698
2022-05-27;"A";0,751033622455578
2022-05-28;"A";0,751759557096428
2022-05-29;"A";0,751517578882812
2022-05-30;"A";0,754170995156264
2022-05-31;"A";0,755789745964596
2022-06-01;"A";0,756957916651022
2022-06-02;"A";0,758084366955789
2022-06-03;"A";0,758885398283624
2022-06-04;"A";0,762314813655915
2022-06-05;"A";0,766303707072238
2022-06-06;"A";0,768316406447375
2022-06-07;"A";0,772047058427231
2022-06-08;"A";0,774701594970191
2022-06-09;"A";0,775982410687093
2022-06-10;"A";0,776341205969352
2022-06-11;"A";0,777843139709042
2022-06-12;"A";0,778293719830949
2022-06-13;"A";0,778318752059944
2022-06-14;"A";0,777688774296907
2022-06-15;"A";0,780548397419703
2022-06-16;"A";0,782097923298469
2022-06-17;"A";0,782434776750375
2022-06-18;"A";0,782361457042609
2022-06-19;"A";0,781610490172764
2022-06-20;"A";0,780413115219178
2022-06-21;"A";0,780642577318297
2022-06-22;"A";0,782047395280683
2022-06-23;"A";0,782211611338487
2022-06-24;"A";0,78234635271925
2022-06-25;"A";0,783045671301801
2022-06-26;"A";0,7841804656829
2022-06-27;"A";0,782236295897635
2022-06-28;"A";0,780531554747107
2022-06-29;"A";0,776346150607178
2022-06-30;"A";0,776545635839477
2022-07-01;"A";0,775419185534709
2022-07-02;"A";0,772840865948242
2022-07-03;"A";0,769528267644592
2022-07-04;"A";0,765969519089161
2022-07-05;"A";0,764859756937057
2022-07-06;"A";0,763545564914828
2022-07-07;"A";0,763741650708621
2022-07-08;"A";0,763370339311864
2022-07-09;"A";0,762452490915387
2022-07-10;"A";0,761928822865612
2022-07-11;"A";0,762143566941202
2022-07-12;"A";0,762290940326411
2022-07-13;"A";0,762682532464252
2022-07-14;"A";0,763945732908898
2022-07-15;"A";0,764707863843835
2022-07-16;"A";0,765158405335759
2022-07-17;"A";0,764111129527865
2022-07-18;"A";0,761893437801169
2022-07-19;"A";0,760699307766156
2022-07-20;"A";0,760429052404971
